Title,Rating,Votes,Duration
1. Alien: Romulus,7.1, (261K),1h 59m
2. Nosferatu,7.2, (227K),2h 12m
3. The Substance,7.2, (332K),2h 21m
4. Heretic,7.0, (181K),1h 51m
5. Longlegs,6.6, (200K),1h 41m
6. Witchboard,5.7, (362),1h 52m
7. Beetlejuice Beetlejuice,6.6, (159K),1h 45m
8. Speak No Evil,6.8, (117K),1h 50m
9. River of Blood,4.8, (2.4K),1h 26m
10. Smile 2,6.7, (121K),2h 7m
11. Trap,5.8, (149K),1h 45m
12. Presence,6.1, (34K),1h 24m
13. The A-Frame,6.1, (69),1h 22m
14. Went Up the Hill,6.4, (178),1h 40m
15. Oddity,6.7, (49K),1h 38m
16. Abigail,6.5, (103K),1h 49m
17. MaXXXine,6.2, (77K),1h 43m
18. Terrifier 3,6.3, (54K),2h 5m
19. Kinds of Kindness,6.5, (63K),2h 44m
20. A Quiet Place: Day One,6.3, (159K),1h 39m
21. Animale,5.9, (385),1h 38m
22. Jimmy and Stiggs,6.1, (218),1h 19m
23. The Watchers,5.7, (60K),1h 42m
24. The Damned,5.7, (6.3K),1h 29m
25. Strange Harvest,6.6, (401),1h 34m
26. Immaculate,5.8, (56K),1h 29m
27. Get Away,5.3, (8.8K),1h 26m
28. Apartment 7A,5.9, (18K),1h 47m
29. Salem's Lot,5.6, (37K),1h 54m
30. Shelby Oaks,5.4, (353),1h 39m
31. Don't Move,5.8, (42K),1h 32m
32. The Crow,4.7, (38K),1h 51m
33. Night Swim,4.7, (29K),1h 38m
34. Y2K,4.8, (17K),1h 31m
35. Cuckoo,5.7, (30K),1h 42m
36. The Rule of Jenny Pen,6.2, (7.6K),1h 44m
37. Monster Island,5.2, (1.2K),1h 23m
38. The Deliverance,5.1, (24K),1h 52m
40. Hellboy: The Crooked Man,4.5, (15K),1h 39m
41. Traumatika,5.9, (74),1h 27m
42. The First Omen,6.5, (67K),1h 59m
43. The Shrouds,5.8, (5.6K),2h
44. The Master and Margarita,7.1, (5.4K),2h 36m
45. Nightbitch,5.5, (22K),1h 39m
46. Tarot,4.8, (34K),1h 32m
47. Munjya,6.3, (27K),2h 3m
48. The Strangers: Chapter 1,4.6, (24K),1h 31m
49. Exhuma,6.9, (25K),2h 14m
50. MadS,6.4, (9.6K),1h 29m
51. Mononoke the Movie: The Phantom in the Rain,6.7, (1.5K),1h 29m
52. Azrael,5.3, (13K),1h 26m
53. Apocalypse Z: The Beginning of the End,6.1, (22K),1h 57m
54. In a Violent Nature,5.6, (28K),1h 34m
55. A Sacrifice,5.0, (6K),1h 34m
56. Time Cut,5.0, (21K),1h 31m
57. Cloud,6.4, (2.3K),2h 4m
58. Never Let Go,5.4, (17K),1h 41m
59. Arcadian,5.5, (25K),1h 32m
60. Queen of Bones,4.7, (368),1h 30m
61. Lisa Frankenstein,6.1, (29K),1h 41m
62. The Platform 2,4.9, (42K),1h 39m
63. Stree 2: Sarkate Ka Aatank,6.9, (44K),2h 27m
64. Survive,4.6, (3.7K),1h 30m
65. Rumours,4.9, (5.5K),1h 44m
66. The Beast Within,4.2, (5.6K),1h 37m
67. Noise,6.1, (200),1h 33m
68. Bramayugam,7.8, (15K),2h 19m
69. Cellar Door,5.2, (5.1K),1h 37m
70. Ick,5.8, (376),1h 33m
71. Dirty Boy,7.6, (49),1h 38m
72. Push,4.7, (702),1h 29m
73. Frewaka,6.1, (2K),1h 43m
74. Werewolves,4.4, (8K),1h 33m
75. The Devil's Bath,6.6, (7.1K),2h 1m
76. The Balconettes,5.8, (1.7K),1h 44m
77. Under Paris,5.2, (38K),1h 44m
78. Bagman,4.7, (6.9K),1h 33m
79. I Don't Understand You,5.3, (1.1K),1h 37m
80. Ghost Killer,6.3, (484),1h 45m
81. Succubus,4.6, (1.5K),1h 43m
82. Lembayung,6.0, (804),2h 3m
83. The Exorcism,4.2, (12K),1h 35m
84. The House on Laura Anne Dr.,5.0, (969),1h 15m
85. Year 10,5.4, (2.1K),1h 36m
86. Compulsion,6.2, (44),R
87. Sting,5.7, (18K),1h 31m
88. Dead Mail,6.0, (2.5K),1h 46m
89. Afraid,5.2, (15K),1h 24m
90. Die Alone,5.8, (4.2K),1h 30m
91. Saint Clare,4.5, (691),1h 32m
92. Please Don't Feed the Children,4.8, (720),1h 34m
93. Humane,5.5, (7.8K),1h 33m
94. Lowlifes,6.2, (7K),1h 30m
95. The Ruse,7.2, (562),1h 45m
96. The Soul Eater,5.8, (3.2K),1h 48m
97. The Inheritance,4.7, (3.2K),1h 25m
98. Imaginary,4.7, (18K),1h 44m
99. Spin the Bottle,3.5, (1.1K),2h 4m
100. Winnie-the-Pooh: Blood and Honey 2,4.6, (12K),1h 33m
101. Things Will Be Different,5.2, (3K),1h 42m
102. V/H/S/Beyond,5.8, (10K),1h 54m
103. Black,7.1, (3K),1h 55m
104. Grave Torture,6.2, (3.2K),1h 57m
105. Daddy's Head,5.6, (5.7K),1h 32m
106. Your Monster,6.4, (6.8K),1h 43m
107. Hotspring Sharkattack,6.3, (106),1h 10m
108. Outbreak,4.4, (1.4K),1h 28m
109. House of Sayuri,6.3, (419),1h 48m
110. Chime,6.4, (2.9K),45m
111. We Bury the Dead,6.3, (153),1h 34m
112. The Radleys,5.0, (3.2K),1h 55m
113. Ghost Train,5.1, (85),1h 34m
114. The Wailing,6.1, (1.9K),1h 47m
115. Sumala,5.8, (1.3K),1h 52m
116. The Last Breath,4.7, (2.7K),1h 36m
117. Vina: Before 7 Days,5.4, (665),1h 40m
118. Consumed,3.7, (715),1h 29m
119. Dan Da Dan: First Encounter,8.2, (3.2K),1h 23m
120. The North Witch,4.3, (143),1h 20m
121. Dead Talents Society,7.0, (2.9K),1h 51m
122. The Vampire Next Door,4.7, (843),1h 50m
123. Hold Your Breath,5.3, (9.2K),1h 34m
124. Scurry,7.6, (28),1h 30m
125. Stream,5.9, (9.6K),2h 3m
126. Something in the Water,4.1, (5.3K),1h 26m
127. The Twin,7.4, (113),1h 43m
128. Blood Star,6.3, (6.3K),1h 37m
129. Shell,6.7, (85),1h 40m
130. Grafted,5.6, (2.8K),1h 36m
131. Devon,2.7, (407),1h 12m
132. Bhool Bhulaiyaa 3,4.6, (78K),2h 38m
133. Pins & Needles,5.9, (69),1h 35m
134. Peripheral,7.8, (58),1h 28m
135. The Corpse Washer,6.1, (1.4K),1h 47m
136. Devils Stay,4.8, (386),1h 35m
137. Blackwater Lane,4.6, (2.5K),1h 48m
138. Beezel,4.9, (1.7K),1h 21m
139. Milk & Serial,6.6, (2.8K),1h 2m
140. Test Screening,6.8, (72),1h 32m
141. Room Service,3.9, (337),47m
142. Pedro Páramo,6.3, (3.2K),2h 10m
143. Else,5.4, (579),1h 42m
144. Ba,5.8, (141),1h 19m
145. Handsome Guys,6.4, (1.3K),1h 41m
146. The Front Room,4.6, (6K),1h 34m
147. Outside,5.1, (4.9K),2h 22m
148. Handling the Undead,5.3, (4.7K),1h 37m
149. The Matriarch,8.1, (208),1h 22m
150. Kryptic,4.0, (683),1h 42m
151. #MissingCouple,5.3, (828),1h 33m
152. The Dead Thing,4.7, (1.1K),1h 34m
153. Pater Noster and the Mission of Light,7.1, (152),1h 36m
154. The Witch: Revenge,5.3, (906),1h 40m
155. Fear Cabin: The Last Weekend of Summer,3.6, (34),1h 17m
156. Jhamkudi,6.6, (1K),2h 31m
157. Desert Fiends,4.7, (957),1h 46m
158. House of Spoils,5.0, (4.1K),1h 41m
159. Drive Back,4.5, (768),1h 34m
160. Succubus,3.5, (917),1h 36m
161. Death Whisperer 2,6.3, (1.6K),1h 50m
162. A Desert,5.6, (663),1h 43m
163. The Severed Sun,4.9, (449),1h 20m
164. The Mouse Trap,2.4, (3.7K),1h 20m
165. Believer,4.6, (472),1h 48m
166. You Can't Run Forever,4.5, (4.5K),1h 42m
167. Parvulos,6.6, (434),1h 59m
168. Death's Sonata,8.4, (562),1h 43m
169. Little Bites,4.7, (1.4K),1h 45m
170. Missing Child Videotape,5.5, (272),1h 44m
171. Heresy,6.8, (336),1h 1m
172. The Hunted,5.1, (435),1h 34m
173. Night of the Zoopocalypse,6.0, (1.1K),1h 31m
174. Love Me Dead,6.6, (45),1h 27m
175. Up the Catalogue,8.2, (13),1h 12m
176. Pechi,5.5, (1.6K),1h 50m
177. Mr. Crocket,5.4, (5K),1h 28m
178. Strange Frequencies: Taiwan Killer Hospital,7.2, (76),1h 31m
179. Barda,4.6, (756),1h 39m
180. Munkar,5.2, (581),1h 27m
181. Dark Match,5.4, (1.2K),1h 34m
182. Baby Invasion,4.6, (645),1h 20m
183. The Gesuidouz,6.7, (100),1h 33m
184. Desert Road,6.8, (169),1h 30m
185. Krazy House,4.8, (1.6K),1h 29m
186. A Wedding Story,6.4, (3.4K),1h 50m
187. 1978,5.0, (928),1h 20m
188. The McKinney Family Home Videos,4.9, (43),1h 8m
189. The Painted,4.9, (1.2K),1h 25m
190. Swap,2.7, (444),1h 26m
191. The Demon Disorder,4.8, (1.4K),1h 26m
192. Wynonna Earp: Vengeance,5.6, (1.7K),1h 36m
193. Witch,4.9, (1.4K),1h 47m
194. Carved,4.4, (2.9K),1h 35m
196. Killer Body Count,4.7, (702),1h 49m
197. Chain Reactions,7.2, (129),1h 43m
198. Shaitaan,6.5, (55K),2h 12m
199. Pacific Fear,3.6, (342),1h 25m
200. Out Come the Wolves,4.7, (1.8K),1h 26m
201. The Blackwell Ghost 8,6.1, (431),1h 9m
202. Bloodline Killer,4.3, (5.4K),1h 45m
203. Stupid Games,4.2, (452),1h 26m
204. The Ghost,6.3, (133),1h 32m
205. Horror in the High Desert 3: Firewatch,5.4, (793),1h 28m
206. Thayyal Machine,9.6, (1K),1h 31m
207. Anaconda,4.9, (699),1h 24m
208. Hauntology,3.7, (385),1h 43m
209. Street Trash,4.5, (1K),1h 25m
211. Latency,4.2, (3K),1h 34m
212. The Haunted Apartment: Miss K,5.6, (542),1h 43m
213. Scared Shitless,6.1, (228),1h 16m
215. In the Name of God,5.1, (165),1h 29m
216. Siccin 7,4.0, (1.1K),1h 34m
217. Old Wounds,7.4, (17),1h 49m
218. Black Cab,4.1, (1.9K),1h 28m
219. The Hangman,3.3, (1.1K),1h 32m
220. Conjuring the Cult,4.2, (966),1h 33m
221. Tantra,4.9, (2.4K),2h 16m
222. Here After,4.2, (1.9K),1h 33m
223. Bureau 749,3.9, (595),2h 3m
224. Behave,2.7, (237),1h 28m
225. Cursed,4.2, (149),1h 21m
226. Bystanders,4.0, (435),1h 22m
227. La Patasola,2.7, (119),1h 21m
228. La damnée,4.2, (122),1h 20m
230. Aranmanai 4,5.0, (2.4K),2h 28m
231. Model House,4.0, (1.1K),1h 25m
232. Mutants of Nature Cove,3.6, (169),1h 28m
233. Dominion of Darkness,5.6, (884),1h 36m
234. I'll Play Mother,4.7, (117),1h 48m
235. The Train of Death,4.7, (750),1h 43m
236. Sorop,5.4, (271),1h 43m
237. Turno Nocturno,5.2, (766),1h 47m
238. Sala Escura,4.5, (32),1h 35m
239. Monster Mash,3.5, (472),1h 25m
240. Séance Games: Metaxu,3.2, (256),1h 26m
241. The Lost Daughter,5.6, (348),1h 39m
242. Freelance,4.8, (400),1h 50m
243. Bogieville,3.9, (678),1h 48m
244. Another Cabin in the Woods Movie,4.7, (246),1h 17m
245. Terminator: Skynet Rising,6.6, (304),1h 28m
246. Life of Belle,5.0, (736),1h 13m
247. Phallacies,8.7, (8),1h 41m
248. Invader,4.6, (176),1h 10m
249. Iconic,4.9, (471),1h 30m
250. Possession: Kerasukan,3.5, (313),1h 34m
251. Sakaratul Maut,5.4, (197),1h 47m
252. The Forbidden Camp: Mass Possession,6.1, (396),1h 52m
253. Down Below,2.6, (221),1h 33m
254. Drained,4.5, (339),1h 47m
255. Clickbait: Unfollowed,4.9, (622),1h 30m
256. Five Friends,6.7, (1K),1h 52m
257. Slay,6.5, (1.3K),1h 39m
258. Its Name Was Mormo,3.7, (197),1h 33m
259. Riders,6.3, (536),1h 45m
260. Protein,6.8, (87),1h 40m
261. Sam and Colby: The Legends of the Paranormal,4.8, (321),1h 38m
262. Territory,4.7, (96),1h 33m
263. Lumina,2.2, (725),1h 53m
264. Buzz House: The Movie,3.2, (1.4K),1h 33m
265. Suckers,2.3, (134),1h 7m
266. Angels Fallen: Warriors of Peace,4.8, (6.5K),1h 43m
267. Last Stop: Rocafort St.,4.1, (526),1h 29m
268. Dagr,4.2, (2.8K),1h 17m
269. Crackcoon,3.6, (479),1h 28m
270. Pusaka,5.2, (210),1h 30m
271. The Curse of the Necklace,4.5, (1.5K),1h 39m
272. Broken Bird,5.8, (130),1h 39m
273. Amp House Massacre,3.8, (201),1h 20m
275. Black Spines,6.9, (25),1h 40m
276. Cinderella's Revenge,3.7, (1.2K),1h 25m
277. Name the Demon,3.5, (182),1h 17m
278. Bhavanam: The Haunted House,6.5, (19),2h 19m
279. The Seductress from Hell,6.1, (23),1h 42m
281. Xoftex,6.0, (66),1h 39m
282. Pinnil Oral,7.4, (433),2h 7m
284. Do Not Enter,5.3, (701),1h 25m
285. We Are Wolves,3.4, (285),1h 37m
286. Cinderella's Curse,3.4, (1.4K),1h 22m
287. Murder Mubarak,5.8, (51K),2h 20m
288. X Files,2.5, (77),1h 14m
289. The Little Mermaid,3.5, (226),1h 29m
290. Frankie Freako,5.5, (1.4K),1h 25m
291. Gacy: Serial Killer Next Door,3.3, (494),1h 37m
292. Heretics,2.7, (131),1h 23m
293. Rippy,4.2, (1K),1h 23m
294. Crescent City,3.9, (1.5K),1h 43m
295. Sunrise,3.9, (1.3K),1h 33m
296. Hell Hole,4.5, (1.4K),1h 32m
297. Bloody Axe Wound,5.0, (1.1K),1h 23m
298. Bleeding,4.2, (397),1h 37m
299. The Monster Beneath Us,5.1, (507),1h 43m
300. Kalinga,6.6, (9.6K),1h 56m
301. DarkGame,4.6, (3K),1h 40m
302. Monster on a Plane,5.0, (2.7K),1h 28m
303. The Killgrin,5.9, (99),1h 23m
304. Operation Blood Hunt,3.4, (543),1h 33m
305. Invasive,5.6, (827),1h 37m
306. Campton Manor,3.4, (263),1h 23m
307. Saint Catherine,3.4, (283),1h 26m
308. Demonte Colony 2,6.5, (4.7K),2h 24m
309. Haunt Season,4.9, (959),1h 21m
310. The Bunker,4.3, (378),1h 32m
311. Dancing Village: The Curse Begins,5.7, (4.3K),2h 2m
312. The Banished,5.0, (57),1h 37m
313. Espantaho,4.8, (274),1h 30m
314. Paranoia,4.1, (416),1h 35m
315. Unspeakable: Beyond the Wall of Sleep,3.9, (147),1h 30m
316. Estela,6.0, (42),1h 29m
317. Witch Hunter,4.0, (49),1h 20m
318. (Pri)sons,4.9, (314),1h 40m
319. Indera,5.8, (20),1h 44m
320. The Moogai,5.4, (478),1h 26m
321. Operation Undead,4.7, (485),1h 50m
322. Butchers Book Two: Raghorn,4.1, (691),1h 28m
324. Hide N Seek,8.8, (2.3K),2h 14m
325. #AMFAD: All My Friends Are Dead,4.5, (1.3K),1h 31m
326. Sattam En Kaiyil,7.9, (2.3K),2h 4m
327. Amityville: Where the Echo Lives,1.5, (469),1h 29m
328. Kakuda,5.3, (6.4K),1h 56m
329. Kang Mak,6.4, (934),2h 2m
330. 404 Run Run,5.7, (532),1h 44m
331. Goldilocks and the Three Bears: Death and Porridge,2.2, (2.2K),1h 22m
332. Curse of the Seven Oceans,5.5, (553),1h 34m
333. Seeds,4.9, (251),1h 22m
334. Happy Birthday Luci,9.4, (61),1h 39m
335. Exorcism Chronicles: The Beginning,6.4, (147),1h 25m
336. Wake,3.4, (291),1h 25m
337. Spiders on a Plane,3.9, (497),1h 18m
338. Poison Sangga: The Homewrecker's Curse,6.8, (413),1h 58m
339. Destroy All Neighbors,5.3, (2.1K),1h 25m
340. The Stalking,3.6, (55),1h 12m
341. Seven Cemeteries,4.6, (680),1h 24m
342. A Fisherman's Tale,5.7, (178),1h 43m
343. The Containment,4.8, (85),1h 22m
344. Vincent,6.0, (420),1h 32m
345. Mummy Shark,1.9, (231),1h 6m
346. Retreat,7.0, (26),1h 33m
347. Bull Shark 2,2.6, (251),1h 15m
348. Bad Fish,3.4, (357),1h 24m
349. Tenants,4.3, (140),1h 34m
350. Birthright,5.3, (262),1h 20m
351. Do You See What I See,5.4, (724),1h 49m
352. Alien Country,4.5, (436),1h 36m
353. The Woods,3.7, (93),1h 16m
354. Flesh of the Unforgiven,8.1, (60),1h 28m
355. The Cursed,4.1, (120),1h 37m
356. They Call Her Death,5.4, (229),1h 32m
357. Cocaine Werewolf,2.4, (316),1h 20m
358. Cora,4.5, (962),1h 44m
359. Delicate Arch,5.0, (74),1h 25m
360. Cellphone,3.0, (763),1h 28m
361. The Cellar,5.4, (193),1h 25m
362. Guardian,4.0, (680),2h
363. From Darkness,4.9, (608),1h 35m
364. 12 to Midnight,3.7, (309),1h 36m
365. Cara,5.8, (87),1h 36m
366. Wanita Ahli Neraka,4.9, (329),1h 35m
367. Don't Open the Door,6.6, (8.4K),1h 27m
368. My Boo,6.1, (755),2h 5m
369. Naalkane Aayama,7.3, (2.8K),1h 48m
370. A Very Special Terrifier Christmas,5.3, (42),1h 10m
371. Thaghut,5.8, (349),1h 42m
372. Ghost Game,3.4, (398),1h 26m
373. Winter Island,4.6, (192),1h 42m
374. Don't Make a Sound,3.5, (50),1h 20m
375. Nudus,6.5, (53),1h 34m
376. Festival of the Living Dead,4.3, (686),1h 28m
377. What Lurks Beneath,4.2, (819),1h 42m
378. Kuyang,5.2, (518),1h 37m
380. Kromoleo,3.9, (280),1h 20m
381. Nokturno,3.7, (234),1h 39m
382. Butchers Book Three: Bonesaw,4.9, (145),1h 47m
384. Daft State,6.0, (53),18+
385. Skeletons in the Closet,3.0, (580),1h 32m
386. The Legend of Lake Hollow,3.7, (569),1h 28m
387. Bull Shark 3,2.7, (140),1h 16m
388. Camp Pleasant Lake,3.3, (2.4K),1h 30m
389. The Backrooms,8.2, (16),1h 3m
390. Horny Teenagers Must Die!,3.2, (252),1h 24m
392. The American Backyard,6.0, (287),1h 47m
393. Cadi,6.3, (4.4K),2h 14m
394. Possessions,3.8, (896),1h 29m
395. Tsunami Sharks,2.7, (112),1h 10m
396. Death Streamer,3.0, (244),1h 12m
397. For Sale,4.9, (684),1h 55m
398. Salve Maria,6.4, (548),1h 51m
399. The Beldham,7.0, (49),1h 25m
400. Guna guna istri muda,5.2, (212),1h 38m
401. The Jack in the Box Rises,4.1, (857),1h 32m
402. Meathook,5.7, (17),1h 42m
403. Do Not Open,2.6, (292),1h 31m
404. Wineville,4.3, (308),1h 40m
405. The Devil's Disciples,8.0, (51),1h 22m
406. Last Night at Terrace Lanes,4.4, (665),1h 15m
407. The Vigil,7.4, (5),1h 37m
408. Dr. Sander's Sleep Cure,6.5, (1.3K),1h 42m
409. Ship of the Damned,2.8, (313),1h 28m
410. Scared to Death,6.6, (34),1h 38m
411. Jurassic Triangle,2.5, (296),1h 24m
412. Are You There?,6.1, (82),1h 28m
413. My Redneck Neighbor: Chapter 2 - Let the Games Begin,5.7, (11),55m
414. Mother Father Sister Brother Frank,5.8, (323),1h 25m
415. The Only Ones,7.1, (31),1h 17m
416. I Heart Willie,5.9, (124),1h 28m
417. Haze,6.4, (54),1h 16m
418. Vertical,5.2, (152),1h 51m
420. Alyad Palyad,6.9, (1.2K),2h 9m
421. The Killers,6.1, (80),1h 59m
422. Granny,7.3, (9),40m
423. Air Fryer Slaughter,6.1, (591),1h 30m
424. Solvent,7.2, (461),1h 34m
426. Nearing Death,5.7, (390),1h 36m
427. Yagna,7.1, (2.2K),2h 11m
428. The Ritual,3.6, (33),1h 40m
429. The Sin,5.3, (365),1h 43m
430. Replicator,3.8, (188),1h 15m
431. Geethanjali Malli Vachindi,4.8, (2.2K),2h 24m
432. The Bad Nun 3,3.2, (281),1h 12m
433. Bhootpori,5.7, (217),1h 50m
434. Family,6.8, (33),1h 35m
435. Haunted Universities 3,5.4, (331),1h 59m
436. Dead Name,9.0, (12),1h 24m
437. Pasar Setan,6.7, (64),1h 36m
438. Bring on the Damned!,4.9, (59),1h 54m
440. Soul Reaper,5.7, (341),1h 52m
441. The Hostage,4.8, (15),1h 27m
442. The Windigo,4.6, (728),1h 25m
444. The Captives,3.6, (76),1h 13m
445. In Search of Darkness 1990-1994: A Journey Into Iconic '90s Horror,8.0, (177),6h 3m
446. Till Death Do Us Part,6.3, (286),1h 48m
447. Love Me If You Dare,4.4, (488),2h 8m
448. Aiden,2.1, (140),1h 14m
449. Lopaliki Ra Chepta,7.7, (1.5K),1h 52m
450. Invited,5.2, (261),1h 11m
451. Hu Die Da Shia,4.3, (66),1h 42m
452. The Family Business,8.8, (31),1h 29m
453. Chainsaws Were Singing,7.2, (393),1h 57m
454. Remnant,2.6, (337),1h 52m
455. Curse of the Sin Eater,4.9, (831),1h 30m
457. Custom,6.6, (48),1h 16m
458. Blood Debt,5.3, (230),1h 40m
459. Rita,5.7, (308),1h 47m
460. Mountain Shark,3.6, (178),1h 21m
461. In Our Blood,6.8, (52),1h 29m
462. Night Shoot,5.5, (102),1h 38m
463. Clown II,7.6, (16),2h 21m
464. Darah Nyai,7.4, (7),1h 30m
465. American Werewolf,1.6, (126),1h 7m
466. Virgo,4.8, (113),1h 27m
467. Where is My Head?,6.8, (84),1h 30m
469. Salem Witch Doll,2.3, (152),1h 16m
470. Temurun,4.6, (367),1h 26m
471. Dreams of flesh,5.7, (14),1h
472. SinÉl,5.1, (31),1h 12m
473. You Shall Not Sleep Tonight,4.0, (406),1h 17m
476. They Turned Us Into Killers,2.7, (271),1h 26m
477. Spring Garden,4.5, (221),1h 30m
478. House of Ashes,6.5, (46),1h 35m
479. The Redemption of Sin,5.7, (253),1h 56m
480. Hide and Seek,4.9, (166),1h 24m
481. Slashercise,4.9, (16),58m
482. Perewangan,5.4, (188),1h 49m
484. Nyctophobia,6.7, (1.8K),1h 30m
485. Deadly Culture: Final Mutation,2.7, (59),1h 9m
486. Malice,2.8, (49),1h 34m
487. Whisper of the Witch,3.9, (347),1h 35m
488. A Stranger in the Woods,4.8, (713),1h 23m
489. Betting with Ghost,6.5, (101),1h 52m
490. History of Evil,3.4, (836),1h 38m
491. THEDÆMON,6.7, (46),1h 27m
492. Book of the Dead,5.3, (81),1h 30m
493. Shark Girl,2.6, (194),1h 22m
"494. Spider Baby, or The Maddest Story Ever Told",5.0, (108),1h 12m
"495. Hemet, or the Landlady Don't Drink Tea",4.3, (102),1h 29m
497. Killer Influence,2.6, (333),1h 24m
"499. Nanay, tatay",7.0, (74),2h
500. Trinil,4.5, (387),1h 45m
501. Psychopomp,9.0, (6),1h 36m
502. Our Happy Place,9.3, (37),1h 30m
503. Father's Haunted House,5.9, (371),1h 33m
504. H. P. Lovecraft's the Old Ones,3.6, (422),1h 24m
505. Crust,6.0, (255),1h 42m
506. Pale Horse,3.7, (82),1h 27m
507. The Girl Who Wore Yellow Lace,5.1, (38),1h 22m
508. Staycation,7.3, (122),1h 34m
509. Bag of Lies,3.8, (603),1h 36m
510. Space Sharks,1.6, (345),1h 10m
511. Shark Island,3.0, (145),1h 21m
512. Jugaremos en el bosque,4.9, (107),1h 30m
513. Hellhounds,3.4, (186),1h 21m
514. Una ballena,5.5, (214),1h 48m
515. Night Silence,5.5, (300),1h 52m
516. True Fear,4.6, (328),1h 32m
517. The Waves of Madness,5.2, (130),1h 8m
518. Burning Butterflies,7.6, (101),1h 43m
519. Effigy,2.8, (268),1h 18m
520. Watch If You Dare To,3.6, (12),1h 5m
521. Bloody Ishq,3.0, (2.2K),2h 18m
522. Within the Pines,6.4, (21),1h 13m
524. A Mother's Embrace,5.8, (656),1h 30m
526. Sengkolo: Malam satu suro,5.8, (64),1h 40m
527. Snakeeater,5.3, (283),1h 20m
528. Jinn Chapter 1,7.7, (68),46m
529. Etheria Film Night 2024,7.2, (12),1h 52m
531. All Hallows' Eve: Inferno,4.3, (144),1h 14m
532. Wild Animal,8.4, (14),19m
533. Camp Blood: Clown Shark,3.4, (102),1h 10m
534. The Ceremony Is About to Begin,4.4, (852),1h 10m
535. The Last Nightmare Part One,6.0, (82),50m
536. Shaman,5.2, (73),1h 40m
537. Park,6.9, (381),1h 57m
538. Darling,5.2, (762),2h 39m
539. Lampir,5.5, (267),1h 37m
540. Mystic Singer,4.9, (254),1h 36m
542. The Prodigy,4.6, (39),1h 23m
543. Mananambal,6.1, (37),1h 40m
544. Dosen Ghaib: It's Nighttime or You Already Know,4.1, (325),1h 34m
545. Scream 2,6.4, (11),31m
547. Alpacalypse,5.8, (36),1h 17m
548. Sana: Let Me Hear,5.6, (88),2h 5m
549. Tide,3.5, (138),1h 22m
550. Ronggeng Kematian,5.3, (163),1h 38m
551. Ladybug,5.5, (34),1h 47m
552. Dead Whisper,3.8, (571),1h 28m
553. Akkada Varu Ikkada Unnaru,9.1, (1K),1h 43m
554. Séance,8.1, (28),1h 25m
555. Forgive Me Father,3.5, (125),1h 17m
556. The Omicron Killer,2.9, (602),1h 38m
557. Vampire Zombies... From Space!,6.8, (121),1h 38m
558. The Cursed Land,5.5, (314),2h 8m
559. Final Girl: Halloween,4.6, (114),1h 25m
560. 9 Windows,3.6, (333),1h 22m
562. Kuang Bao Ju Xi,5.5, (98),1h 15m
563. A Halloween Feast,4.7, (845),1h 43m
564. The Clock,3.5, (46),1h 20m
565. Deadbolt,4.6, (337),1h 23m
566. Thine Ears Shall Bleed,6.2, (1.2K),1h 42m
567. Members Club,4.6, (187),1h 30m
569. Z Zone,3.7, (65),1h 23m
570. Silent Bite,3.7, (532),1h 30m
572. Shark Exorcist 2: Unholy Waters,1.8, (161),1h 14m
574. Üç Harfliler: Nazar,4.8, (198),1h 34m
575. Easter Bloody Easter,3.3, (325),1h 43m
576. Spithood,5.4, (1.2K),58m
577. Bloody Bridget,7.0, (54),1h 21m
579. A yard of jackals,7.4, (46),1h 48m
580. Guess Who,4.8, (378),1h 33m
581. The Notorious Finster,3.9, (186),1h 53m
583. The Spirit Hunter,4.1, (35),1h 42m
584. Manipula,8.5, (34),1h 34m
586. DreadClub: Vampire's Verdict,5.0, (80),1h 28m
587. Snow Angel of Revenge,3.8, (65),1h 36m
588. Burning,7.9, (15),1h 41m
589. There's a Zombie Outside,5.7, (74),1h 15m
590. Director's Cut,7.4, (103),1h 30m
591. Kutukan Calon Arang,5.5, (18),1h 41m
592. The Girl Who Cried Her Eyes Out,3.5, (779),1h 34m
"593. Silent Night, Bloody Night 3: Descent",3.2, (213),1h 40m
594. Jurnal Risa by Risa Saraswati,4.4, (321),1h 32m
595. Amityville Bigfoot,3.0, (157),1h 28m
596. Jeffrey's Hell,4.8, (104),1h 20m
597. The Epidemic,5.9, (72),1h 35m
598. Massacre at Femur Creek,6.5, (653),1h 22m
599. People in the Walls,3.3, (58),1h 33m
600. Oculus,6.0, (15),1h 53m
602. Valari,7.9, (2.6K),2h 15m
603. Unnatural,3.7, (146),1h 43m
604. The Last Chainsaw Massacre,3.7, (43),1h 15m
605. Salsa,5.7, (300),1h 40m
606. Terror Zone,3.3, (11),1h 28m
608. Good Neighbours,3.0, (196),1h 24m
609. The Buildout,4.0, (109),1h 10m
610. The Boys,4.6, (144),2h 11m
611. Dinosaur Hotel 3,2.7, (165),1h 14m
613. Biaz: Kara Iyenin Laneti,5.1, (407),1h 29m
617. Huntress,3.0, (89),1h 17m
618. Hunters on a White Field,4.9, (471),1h 40m
619. Scarytales and Deadtime Stories,5.2, (19),1h 7m
620. Itch!,6.8, (8),1h 22m
621. HMM Hug Me More,8.1, (1.1K),1h 42m
622. Purgatory Station,3.4, (63),1h 49m
623. Holnap meghalok,4.2, (143),1h 25m
624. The Deadly Swarm,2.5, (207),1h 21m
625. Amityville Turkey Day,3.1, (367),1h 34m
626. Migraine,8.2, (25),1h 5m
628. The Sisters,4.7, (165),2h 2m
630. Pee Nak 4,4.8, (418),1h 55m
631. Chateau,4.0, (304),1h 23m
633. The Woods Are Real,2.4, (476),1h 20m
634. Run!,3.4, (107),1h 26m
635. Obayifo Project,5.1, (374),1h 11m
636. This Man,5.1, (24),1h 29m
637. Quadrant,4.3, (157),1h 13m
638. Lost Angels,6.0, (215),1h 36m
639. Mandira,5.8, (1K),2h 1m
640. Ghost Island,6.9, (60),1h 35m
641. Feet of Death,3.9, (246),1h 46m
644. Bigfoot Exorcist,2.6, (233),1h 10m
645. He Sees You When You're Sleeping,4.2, (157),1h 23m
646. The Camp Host,4.3, (304),1h 35m
647. Catch a Killer,5.8, (16),1h 22m
648. El instinto,6.6, (126),1h 32m
649. Camp Terror,4.5, (42),1h 50m
651. Pigman,2.5, (119),1h 38m
652. The Girl in the Trunk,3.4, (355),1h 30m
653. Solitude,6.0, (53),1h 37m
655. Nyctophobia,2.6, (174),1h 17m
656. This Never Happened,4.7, (391),1h 30m
657. Guys at Parties Like It,3.9, (177),1h 19m
658. Followers,3.6, (261),1h 14m
660. Bhairadevi,8.7, (55),2h 14m
661. Dead Teenagers,3.2, (159),1h 20m
662. Z-Mom,4.8, (48),1h 30m
663. Marni: The Story of Wewe Gombel,6.7, (1K),1h 59m
666. Killington,2.8, (191),1h 27m
667. Red Night at Skye's,6.9, (16),1h 22m
668. Dinner with Leatherface,7.3, (44),1h 46m
669. Vexanthrone,5.3, (25),1h 5m
670. Las Tias,4.8, (272),1h 27m
671. Mueng non mueng tai,2.3, (14),1h 39m
672. Dooba Dooba,6.8, (17),1h 16m
673. Blood Mountain Massacre,4.9, (46),1h 29m
674. Deadly Retreat,4.8, (114),46m
675. Devil,4.5, (1.6K),1h 58m
676. Dr. Jason II: Lights & Shadows,4.9, (383),1h 2m
677. Sun,8.3, (38),1h 15m
678. Anatema,4.2, (227),1h 31m
679. Crispy,3.3, (100),1h 16m
680. Apokrif,8.7, (23),1h 4m
681. Trizombie,7.3, (63),1h 22m
683. Spirit Riser,6.3, (42),1h 38m
684. OMG: O Manchi Ghost,5.1, (592),2h 5m
685. Video Vision,5.8, (20),1h 18m
686. The Box,3.4, (83),1h 19m
687. Interlopers,5.0, (85),1h 46m
688. Water Horse,5.1, (264),1h 25m
689. Creep Encounters,4.0, (139),1h 12m
690. Spirit Whisker: The Revenant,5.3, (65),1h 49m
691. The Naughty List of Mr. Scrooge,4.5, (216),1h 30m
692. Mister Sleep,3.5, (183),1h 34m
693. What Happened to Suzy,6.3, (96),1h 34m
694. Isleen Pines,5.3, (739),1h 24m
695. Hüddam 4: Ahmer,4.6, (40),1h 26m
696. Tu Sangre,3.9, (112),1h 21m
697. A Game in the Woods,7.0, (32),1h 20m
698. The Carters,5.2, (29),1h 15m
699. Carnage for Christmas,4.5, (354),1h 9m
700. Bury Your Dead,5.4, (84),2h 8m
701. Echoes of Crystal Lake: A Friday the 13th Story,8.4, (16),3m
703. Hunter of the Night,5.3, (62),1h 30m
704. Deadly Culture: Species X,2.9, (62),1h 11m
705. Halloween: The Hunt of Michael Myers,8.5, (14),1h 21m
706. .ask,6.9, (94),1h 29m
708. Salt Along the Tongue,7.7, (10),1h 53m
709. Bloody Trip: The Equinox Killer,4.8, (85),1h 20m
710. Sharkers,4.1, (174),1h 28m
711. Saka Perawan,5.1, (57),1h 31m
712. Rerouting,4.1, (171),1h 26m
713. Mona: Jinn-2,4.1, (132),2h 4m
714. No Voltees,5.5, (232),1h 34m
716. Mother Goose's ScaryTales,5.8, (19),54m
718. Stream,4.1, (53),1h 25m
720. The Last Podcast,7.4, (7),1h 38m
721. Head Like a Hole,6.2, (33),1h 33m
722. Dark Chronicles,3.8, (9),1h 15m
723. Trolled,4.2, (28),1h 20m
724. Gone with the Dead,4.0, (63),1h 36m
725. The Exorcism of Saint Patrick,3.6, (178),1h 30m
726. Apex Predators 2: The Spawning,3.2, (33),1h 10m
727. Kifn,7.2, (732),1h 40m
728. All We Wanted,3.5, (73),1h 43m
729. Ice Nine Kills Presents: Welcome to Horrorwood,8.3, (36),1h 16m
731. Lord of Wolves,2.8, (145),1h 27m
732. Visher,4.3, (397),1h 5m
733. Graveyard Shark,3.4, (244),1h 37m
734. The Vord,3.4, (76),1h 41m
736. Take Good Care,6.1, (8),1h 41m
737. Janji Darah,4.4, (174),1h 44m
738. The Book of the Witch,4.3, (163),1h 13m
739. 200KG Vampire,4.0, (62),1h 33m
740. The Hunter's Anthology: The Demon Hunter,4.7, (105),2h 6m
741. All That Remains,5.9, (27),1h 10m
742. The Candy Store,4.0, (93),1h 26m
743. The Night of the Harvest,4.5, (502),2h 6m
744. Alone,7.8, (15),1h 28m
745. Agapouse ta louloudia perissotero,5.3, (193),1h 26m
746. Dwiju,4.6, (17),1h 25m
747. Ga la,4.2, (28),1h 37m
748. Jeonde Raho Bhoot Ji,5.2, (145),1h 52m
749. Murderfest,2.9, (235),1h 22m
750. Pagpag 24/7,4.3, (65),2h 10m
751. The Unsolved Love Hotel Murder Case Incident,7.4, (7),1h 10m
752. Maya,7.0, (9),1h 49m
753. Deviant,5.2, (49),1h 20m
755. Bangsal Isolasi,4.8, (183),1h 16m
756. Retratos del Apocalipsis,7.9, (22),1h 15m
758. Monster Awakens,5.6, (846),1h 14m
759. Byte,3.3, (165),1h 37m
760. The Alien Report,4.6, (157),1h 21m
761. Jonestown: The Final Reckoning,4.3, (7),59m
762. Mulm,5.8, (74),1h 38m
763. I Heard You Buy Souls,2.7, (52),1h 28m
764. Silence of the Prey,3.8, (303),1h 37m
765. Swoon,6.1, (28),1h 23m
770. Agrinai,7.9, (69),1h 33m
771. The Mitchin Murders,5.2, (87),1h 18m
772. How to Make a Werewolf,5.5, (146),16+
773. Watch Them Come Blood,7.7, (8),1h 22m
774. Shadows Side,2.0, (144),1h 30m
775. Scopophobia,5.3, (92),1h 40m
776. Trope,4.2, (41),1h 26m
"777. The Haunted, the Possessed and the Damned",2.6, (65),1h 51m
778. Pasahero,6.1, (27),2h
779. Art of a Hit,4.2, (223),1h 33m
780. A Savior Red,5.1, (272),1h 27m
781. Don't Look Back... I Know Your Origins,3.7, (116),1h 44m
782. The Monsters Under Our Bed,5.8, (12),2h 7m
784. The Caller,6.8, (14),1h 20m
785. C202,4.9, (2.2K),2h 15m
786. Kabir Azabi: Insi ve Cinni,4.0, (23),1h 25m
787. The Shadow,6.4, (288),1h 30m
788. Island of the Dolls 2,3.0, (168),1h 23m
789. Operation Laila,5.5, (58),2h 3m
790. Listen Carefully,3.3, (150),1h 21m
791. My Zombabe,5.0, (94),1h 45m
792. Anxiety,7.8, (8),1h 37m
793. The Last Ritual,7.7, (10),1h 40m
794. Tenement,4.6, (133),1h 28m
795. Liu mang qu mo shi,5.8, (62),1h 44m
796. Ma Da: The Drowning Spirit,4.4, (221),1h 30m
798. Haunted by Her Name,2.8, (96),1h 30m
799. Chuzalongo,6.8, (6),1h 35m
800. Bloody Mary,3.8, (7),1h 12m
801. Devil's Horns,4.6, (128),1h 21m
804. Oh My Ghost: The Finale,6.8, (39),1h 52m
805. Undying,6.5, (15),26m
807. Granny Krampus,2.6, (128),1h 21m
808. Big Bad CGI Monsters,4.8, (44),1h
809. Neon Fear,5.7, (626),40m
810. You Shouldn't Have Let Me In,4.1, (187),1h 24m
811. Toxic Daughter,5.3, (57),1h 45m
812. Chasing Zombies: A George Romero Tribute,9.0, (8),1h 45m
813. The Summer We Died,5.0, (440),1h 13m
814. Curtains for Christmas,5.4, (69),1h 10m
815. Tragic Waste,7.9, (96),1h 17m
816. Slaughterhouse on the Hill,2.6, (135),1h 12m
817. Thookudurai,4.3, (2.3K),2h 5m
819. Cruel Summer III: Pray for Fall,4.3, (20),1h 49m
820. The Haunted Studio,3.6, (202),1h 30m
823. Alem-i Cin 5: Azap,4.1, (15),1h 16m
825. The Apocalypse Box,3.3, (250),1h 26m
827. Sea of Madness,6.9, (32),1h 33m
828. Witches' Well,2.5, (86),1h
829. The Convent,3.9, (24),1h 20m
831. Dead Rock,3.7, (7),1h 11m
832. Nenu Keerthana,8.9, (2.1K),2h 35m
833. Framed,2.6, (122),Not Rated
835. Demo_n,4.9, (52),1h 15m
837. Mother Maker Lover Taker,5.9, (46),1h 39m
838. Continente,5.1, (100),1h 55m
839. Himalaya,3.2, (406),1h 25m
840. Inverted,4.0, (59),1h 28m
843. Slave Dolls 2: Red Rooms,2.1, (8),17m
844. Blood of the Werewolf's Claw,2.7, (7),1h 30m
847. Blood Magick,9.2, (13),1h 39m
850. Inherit the Witch,3.2, (57),1h 25m
853. Claws,5.8, (8),1h 36m
854. Ame no naka no yokujô,5.9, (90),2h 12m
855. Game of Death: The Six Doors to Hell,6.7, (7),2h 25m
856. Chithini,5.9, (553),2h 31m
858. Project Dorothy,3.9, (3.2K),1h 20m
859. Insane Like Me?,4.4, (60),1h 26m
861. The Town Without Halloween,5.5, (87),1h 28m
862. Hell Squad 2: Fresh Meat,9.3, (21),1h 35m
863. Tahoe Joe 2: The Sierra Nevada Bigfoot Conspiracy,4.3, (260),1h 14m
864. Zim Zim Ala Kazim,3.6, (115),1h 40m
865. Mr. Sandman,6.3, (32),47m
866. Cadet,6.9, (61),2h 6m
867. Don Dukun,7.1, (61),1h 38m
868. Stereoscope,4.0, (131),1h 31m
869. Left One Alive,3.8, (30),1h 29m
870. Happy Halloween,6.2, (23),1h 36m
871. Big Cats,2.9, (156),1h 33m
872. A Haunting in Council House,4.9, (57),1h 34m
873. The Despaired,6.5, (37),2h 10m
874. Jurassic Exorcist,4.3, (24),1h 16m
875. 4:44 : Time of Fear,5.4, (23),44m
879. Creepypasta: Deathnet,3.3, (69),1h 11m
880. Death Bitch,7.4, (23),1h 28m
881. Oru Kadha Sollattaa Sir,6.1, (41),2h 10m
882. Morena,5.4, (131),1h 46m
884. Colour Palette,9.4, (53),1h 27m
885. Bedtime Stories: Tales of Love and Hate,7.7, (15),1h 5m
886. The Bench,3.8, (189),1h 15m
887. Monkey's Magic Merry Go Round,7.4, (12),1h 31m
890. Cholo Zombies,4.6, (109),1h 36m
892. Secret Shadow,7.4, (18),1h 22m
894. Coven of the Black Cube,7.2, (28),1h 37m
895. Passages of Nexus,5.3, (326),1h 48m
896. Blood and Black,6.9, (1.1K),1h 28m
897. In Tenebras: Into the Darkness,2.6, (181),1h 30m
898. El tema del verano,7.2, (25),1h 31m
899. Amityville Backrooms,3.7, (39),1h 12m
900. Cold Blows the Wind,5.7, (807),1h 25m
902. Videotheque,5.2, (108),1h 52m
903. A Hell of a Difference,4.7, (53),1h 20m
904. Pesadilla,6.5, (50),1h 52m
905. O Clube das Mulheres de Negócios,4.7, (115),1h 35m
906. In the Belly of a Tiger,7.5, (104),1h 31m
907. Terrornet,3.7, (96),1h 28m
910. Halloween: Mal Eterno,8.2, (234),50m
911. The Gatekeeper,5.5, (20),1h 37m
913. Cursed in Baja,6.7, (34),1h 20m
915. SMB-plush presents trick or death,8.0, (17),2h
916. Devil Hunters,8.7, (129),2h
917. Wolves Against the World,3.4, (68),1h 28m
919. A Cold Grave,3.5, (280),1h 15m
920. Death Ph.D,2.0, (146),1h 47m
921. Nûfer,2.8, (16),1h 38m
922. A Maldição de Romanova,5.0, (22),1h 20m
924. The Night Curse of Reatrei,4.4, (121),1h 35m
927. 30 to 45,3.8, (19),1h 58m
928. Ripper Revealed,3.6, (204),1h 10m
929. Night Talkers,4.0, (107),1h 29m
930. Firework,6.1, (13),1h
933. Paku Tanah Jawa,4.2, (125),1h 40m
935. Nowhere Land,3.4, (13),1h 24m
936. Blood and Breakfast,5.8, (32),1h 24m
937. The Vampire and the Vigilante,3.5, (56),1h 15m
938. Kabandha,9.2, (30),2h 4m
939. Asgaar,9.2, (43),2h 18m
941. Killer Campout Part II,5.6, (29),1h 33m
942. Para Betina Pengikut Iblis: Part 2,4.0, (132),1h 30m
943. Blood Dried Hands,6.3, (171),1h 55m
944. Waruga: Kutukan Ilmu Hitam,6.3, (34),1h 25m
946. Dia de Finados,9.1, (8),1h 17m
947. Cruel: The Cross Village Encounter,4.5, (48),57m
948. II,8.6, (30),21m
949. A Most Atrocious Thing,3.8, (265),1h 15m
950. Night Games,5.6, (290),1h 39m
951. Fright,6.3, (78),1h 21m
952. Side Effects May Vary,7.2, (43),1h 21m
953. Jason in Indianapolis: A Friday the 13th Tribute,6.5, (25),2h
955. The Trail,7.8, (38),1h 20m
957. Dosa Musyrik,6.6, (16),1h 32m
958. Quadrant: Noir Version,7.2, (13),1h 13m
959. Wind and Bone,5.8, (18),1h 33m
960. Jimmy,4.1, (216),1h 25m
963. I Saw Black Clouds,3.9, (37),1h 19m
965. Cold Blooded,4.2, (18),1h 18m
970. Influenza,4.3, (34),1h 38m
973. Roxana,3.9, (70),1h 38m
975. El Kafirun,6.6, (20),1h 10m
976. There Is a Monster,3.7, (179),1h 22m
977. Brain Tumor,3.8, (52),1h 16m
979. The Whisper in the Woods,5.4, (42),1h 11m
980. Idiot Girls and School Ghost: School Anniversary,7.0, (67),1h 30m
982. Death Web,5.4, (87),1h 4m
983. The World Drops Dead,8.4, (7),1h 11m
984. The Final Party,3.5, (10),1h 18m
985. Alien Legacy: Terror on Luxor Ridge,5.7, (22),2h 7m
986. Elf in the Hood,4.5, (21),1h 16m
988. Malee,3.4, (15),1h 25m
990. Murdaritaville,3.4, (118),1h 2m
992. A Gong,6.0, (13),1h 47m
994. Dead Fun,9.0, (12),1h 1m
995. Huggin Molly,5.9, (88),54m
996. The John Perkins Tapes,4.6, (15),1h 17m
997. Earworm,2.4, (221),1h 41m
998. P2,4.5, (10),1h 45m
1000. Black Theta,7.4, (11),1h 49m
1003. FPS,4.3, (20),1h
1004. Possession Street,6.5, (41),1h 36m
1005. Sinakagon,6.9, (33),1h 55m
1006. Arctic Hollow,2.3, (187),1h 10m
1008. The Awkward Stage,5.6, (15),1h 9m
1010. Misteri Bilik Korek Api,5.6, (10),1h 13m
1011. Wonderland,6.8, (13),2h
1012. Petualangan Anak Penangkap Hantu,5.5, (29),1h 39m
1013. Hellvira's Haunted Asylum of Horror,5.8, (38),1h 58m
1015. Talahib,5.4, (21),1h 23m
1016. The Frontrooms,3.3, (44),1h 14m
1017. Campfire Dead by Dawn,3.0, (65),1h 27m
1019. The Unrighteous,5.1, (35),1h 27m
1020. Slenderverse: The Rise and Fall of Slenderman,8.8, (7),1h 56m
1021. Nosferatu: A Symphony of Horror - Audio Score by idiedtrying.,7.5, (11),1h 34m
1023. STEVE (A Minecraft Movie),6.9, (14),1h 1m
1024. 105 Minutes,3.4, (2.3K),2h
1025. Boney Island Reality Show,4.2, (23),1h 27m
1026. Easter Evil,1.5, (153),1h 12m
1028. Histórias Estranhas 2,7.6, (7),1h 22m
1029. Don't Break the Rules,2.7, (57),1h 37m
1030. Wishes of the Blue Girl,4.3, (382),1h 13m
1031. Behold the Claw,5.6, (17),1h 15m
1032. Severance Mountain,5.3, (17),1h 14m
1034. Lipstick on the Glass,4.1, (13),1h 56m
1036. The Mermaid,7.8, (36),1h 45m
1037. Voidcaller,6.6, (43),1h 25m
1039. Siapa Buka Lampu?,7.3, (7),1h 32m
1040. The Circle of Death,7.4, (5),1h 26m
1041. Welcome Week: A College Horror Anthology,4.0, (129),1h 38m
1044. In the Room Where He Waits,4.9, (87),1h 23m
1045. Aranam,7.5, (402),2h 7m
1047. Screamwalkers,3.8, (56),1h 2m
1049. Day of the Clones,3.9, (66),1h 38m
1052. Wrong Places,2.1, (65),1h 33m
1053. La Hierba del Diablo,3.8, (51),1h 20m
1057. Teddiscare,2.0, (177),1h 22m
1059. Unknown Caller,7.3, (35),1h 3m
1060. Dabba,5.0, (22),1h 15m
1063. Ananya,8.8, (888),2h 16m
1064. Cin Köyü,1.0, (15),1h 15m
1066. Amityville Webcam,3.6, (17),1h 42m
1068. Lizzie Lazarus,4.2, (111),1h 31m
1070. Tie Die,3.0, (8),1h 20m
1071. Town Mall 2,6.9, (16),1h 26m
1072. Historias de Halloween,6.6, (26),1h 20m
1073. Body & Soul,3.1, (43),1h 15m
1075. Shadows of Bigfoot,4.0, (146),1h 13m
1076. Finger Licking,4.7, (18),1h 29m
1077. American Terror Tales 3,2.4, (58),58m
1078. Blackest Darkness,5.5, (75),1h 16m
1079. Re:Human,5.7, (39),1h 48m
1080. La cárcel Maldita,4.7, (6),1h 27m
1081. Danyang Mahar Tukar Nyawa,5.9, (10),1h 50m
1083. Akh,5.3, (116),2h 17m
1084. Busted Babies,7.7, (14),1h 27m
1086. The Geechee Witch: A Boo Hag Story,7.2, (15),1h 28m
1088. The Seven Darks,4.2, (125),1h 3m
1089. Bored Games,3.5, (122),1h 16m
1094. La Chancla Del Diablo,4.4, (13),1h 30m
1095. Clawface,8.6, (14),1h 38m
1098. Hillock Haunting,3.4, (245),1h 23m
1099. Time of the Witch,6.6, (15),1h 31m
1101. Hide and Seek,4.7, (6),1h 38m
1103. Tóxico,6.7, (18),1h 28m
1104. Choke,7.5, (22),1h 38m
1106. Do You See Me?,3.9, (8),1h 28m
1107. Mihrez 3: Cin Bebek,2.8, (17),1h 18m
1108. Just Another Horror Movie,5.9, (10),31m
1109. Bad Ben 13: The Dracula Situation,3.5, (12),1h 39m
1110. Trillberry Murders,5.6, (13),1h 54m
1111. Sapien,2.4, (79),1h 44m
1113. Scream: The Fan Favorite,8.1, (19),49m
1115. Death After Dusk,5.6, (97),2h 20m
1118. Bernadette will töten,8.4, (23),1h 33m
1123. The Bitter Taste,7.4, (41),2h 5m
1124. Soul Traveler (The Feature),4.2, (24),1h 36m
1138. Pulp Modern: Die Laughing,8.2, (97),1h 23m
1139. Biswas Villa-An Unfinished Story,8.6, (21),54m
1141. Zir-i Cin 3: Cin Dügümü,3.9, (22),1h 26m
1142. Live Different,2.7, (10),48m
1143. Bed of Nails,4.8, (30),1h 44m
1145. Advent,4.3, (33),1h 17m
1148. Porcelain,3.8, (118),1h 28m
1149. Symphony of Suffering,5.8, (6),1h 3m
1151. 10/31 Part 4,5.5, (19),1h 27m
1152. Once Upon a Time in Amityville,3.7, (57),1h 13m
1153. Kukushka,4.3, (33),1h 33m
1154. Dead Body,3.7, (41),2h 15m
1156. The House on Mansfield Street II: Evil Next Door,5.0, (100),1h 20m
1157. Blodsuger,6.7, (9),1h 34m
1159. Domovoy,4.3, (301),1h 42m
1162. Mesken (Messuage),7.3, (47),1h 39m
"1163. Rapunzel, El Perro y El Brujo",7.6, (22),1h 49m
1164. Padikkadha Pakkangal,4.3, (167),1h 46m
1165. Grayson's Encounter,7.3, (22),1h 10m
1168. A Very Flattened Christmas,6.1, (37),1h 35m
1173. The Haunting of Lanquetot,3.7, (10),1h 36m
1175. Quiet,5.0, (8),1h 11m
1177. Anak Perjanjian Syaitan 2,6.4, (34),1h 29m
1181. Adze the African Vampire,3.4, (61),1h 21m
1186. Amir,5.4, (20),1h 10m
1187. Compression,8.0, (15),2h 4m
1188. Shi Ren Yu,2.5, (9),1h 11m
1190. La sombra del tiburón,6.2, (17),1h 29m
1191. First Person Savior,4.9, (12),1h 21m
1193. Fierce Killer Marsupial,2.3, (50),1h 26m
1194. Dead-End,8.2, (6),46m
1196. Midnight Perturbation,8.6, (12),1h 21m
1197. Clownface 3,8.2, (58),1h 44m
1198. Iron Nest of the Moon,7.6, (13),1h 10m
1200. The Beast Hand,4.5, (14),1h 17m
1202. The Clot,2.8, (28),1h 19m
1204. Death,6.1, (16),1h 17m
1206. Laberinto de sombras,6.1, (9),1h 50m
1211. Lachrymose Primrose,6.3, (41),1h 37m
1212. Tales of the Forgotten,5.2, (9),2h 50m
1213. Touched by Eternity,5.3, (105),1h 35m
1214. Jama,6.0, (18),1h 11m
1215. Rambut Kafan,4.5, (102),1h 38m
1216. Kísértés az erdö mélyén,2.8, (78),1h 18m
1217. San Geng Ke Zhan,6.1, (14),1h 28m
1218. New Folder,4.7, (27),1h 12m
1220. The Damnation,6.7, (23),1h 22m
1221. The Lonely Man with the Ghost Machine,3.0, (161),1h 30m
1222. Tan-Ti-Ana,6.0, (26),1h 35m
1224. Bisikan Setan,6.7, (11),1h 28m
1230. Daemon Mind,4.7, (34),1h 41m
1232. Shoroter Joba,4.4, (24),2h 3m
1238. Portraits,4.8, (48),1h 22m
1239. The E-Ghost,6.8, (14),1h 50m
1241. Dead Boys Club,6.3, (26),1h 45m
1244. The Last Five Days: The Freak Building,3.7, (60),1h 1m
1249. Disremembered,4.9, (144),1h 44m
1256. Bloodspawn,6.6, (14),1h 16m
1259. Baridegi: The abandoned Girl,3.4, (18),1h 47m
1261. My Cannibal Crush,6.3, (12),50m
1263. Once Passed On,6.6, (7),1h 31m
1264. The Killer Goldfish,6.0, (6),1h 34m
1267. Evil in Me,4.0, (6),1h 15m
1269. Bridge,3.7, (13),1h 18m
1271. K. The Butcher Shitter,3.5, (25),1h 10m
1275. Darkness Hunting,4.9, (9),1h 12m
1276. Fara suflet,6.5, (9),1h 35m
1277. Hannas 2,3.0, (47),1h 19m
1281. The Director's Cut,4.2, (15),1h 22m
1283. Problematic Intentions,4.6, (15),1h 30m
1288. Condemned,8.9, (12),1h 12m
1289. Unwelcome Home,8.0, (9),1h 15m
1290. Bantay-bahay,5.5, (17),1h 26m
1297. After Link,7.5, (20),14m
1298. Horror Able,6.5, (24),1h 18m
1299. Abnormal: Buas,5.7, (29),1h 30m
1302. On the Trail of Bigfoot: The Ancients,6.2, (7),2h 20m
1304. Conexão com o Mal,8.3, (32),2h 13m
1306. The Wildman Massacre,8.6, (37),1h 30m
1307. Spending Some Time Together,6.9, (30),2h 26m
1308. Un día cualquiera,5.7, (15),1h 30m
1310. Forbidden Tapes - Anthology of Terror,5.4, (8),1h 1m
1319. El Juego 2: La Maldición del Bosque,6.0, (35),1h 37m
1320. Kanbalhi,9.0, (6),1h 55m
1321. Sobe: Sakalli Bebek,5.0, (17),1h 26m
1324. Hantu Polong,7.4, (46),1h 30m
1330. Mystery Writers,5.2, (74),1h 30m
1335. O Procedimento,8.2, (52),12m
1336. The Dark Mother Special+20mn,7.6, (21),2h
1337. The Elite of Devils,3.6, (44),1h 48m
1341. Winemaker,5.4, (39),59m
1342. Horror-Scopes: Volume Two,8.1, (20),1h 28m
1343. MAKKA: Cinn-i Azap,4.3, (13),1h 15m
1344. Horror Unmasked,3.3, (23),Not Rated
1348. Mashaarojinn,9.0, (20),1h 39m
1352. Killer Reel,5.2, (10),1h 13m
1353. Demon Stalker,2.2, (7),1h 37m
1357. New Tokyo Poltergeist,5.1, (10),1h 28m
1361. The Vent,8.9, (15),3m
1363. Keo=peul-ji-ok,5.6, (8),1h 34m
1370. Der Dritte Gast,3.3, (43),1h 13m
1381. Abduction Chronicles,8.5, (38),2h 6m
1382. Harruk,4.5, (22),1h 10m
1389. Bannkorb,7.4, (6),19m
1390. Ahbar,3.0, (15),1h 20m
1394. Welcome to Kittytown,7.7, (8),1h 28m
1396. Demons vs. Ghosts,7.7, (7),1h 32m
1404. I Curse This Land,4.0, (94),1h 26m
1414. Verified,5.1, (9),1h 37m
1415. Noclip,3.6, (42),1h 1m
1416. Strangers,6.6, (10),1h 39m
1417. Kurban: Budak Iblis,4.3, (15),1h 27m
1419. The Tormented,5.0, (17),1h 25m
1420. A Coffin of Stars,5.2, (6),1h 40m
1426. Bungalow Section 12,2.4, (64),1h 28m
1427. Neighborhood,5.8, (5),1h 24m
1429. Bijt,5.8, (55),1h 45m
1430. The Hellper,6.2, (25),1h 30m
1431. Cheongsam Merah Darah,5.7, (11),1h 30m
1433. Basileia,4.2, (59),1h 36m
1447. Horrorathon Volume 3,5.1, (14),1h 33m
1450. Malam Keramat,6.0, (33),1h 30m
1451. Dead Talk Tales: Volume I,6.6, (28),1h 38m
1453. Obscura,6.3, (9),1h 29m
1460. Family Comes First,8.1, (7),1h 5m
1464. Tragic,8.9, (20),1h 36m
1465. Neath's Love Story 3,6.2, (13),1h 40m
1469. The Burned Hand,8.0, (12),1h 25m
1474. Krapiva: Tsvetok smerti,6.1, (59),1h 21m
1475. Tienes 24 horas,7.4, (7),1h 1m
1476. Where the Mountain Women Sing,5.9, (9),15m
1478. Jyukinshi,3.0, (11),1h 43m
1486. Shadows,6.8, (21),1h 15m
1504. Átropos,5.5, (24),1h 33m
1505. Stab 4: Knife of Doom,5.4, (14),1h 38m
1507. Janus,4.9, (11),1h 12m
1523. Prima del giorno dopo,7.8, (75),1h 45m
1525. La Hacienda - El Regreso de los Malditos,7.6, (15),1h 10m
1526. Gentleman Caller,8.5, (9),1h 43m
1527. Killer Hand Dryer,7.8, (10),1h 58m
1528. Slenderverse: Building the Slenderman,7.4, (9),1h 55m
1529. Cieco sordo muto,7.1, (9),1h 25m
1530. Don't Open the Box,7.0, (9),45m
1545. Velhan,6.4, (18),1h 17m
1546. Requiem: Three Tales of Horror,3.6, (38),55m
1547. The Haunting in Rosemary Lane,3.5, (29),59m
1549. Rahha,2.7, (13),2h 15m
1567. Abaasylaakh Khaus,7.2, (7),1h 10m
1568. Slenderverse: An Artistic Movement,6.6, (7),1h 45m
1569. Stalked by Shadows,3.6, (10),1h
1570. Peccatum,1.9, (24),1h 8m
1586. Protanopia,7.0, (14),1h 15m
1587. Ciudad Oculta,3.7, (16),1h 36m
1609. A Melty Kiss Lost in the Abyss - Un Dolce Bacio Perduto nell'Abisso -,7.7, (25),1h 31m
1610. The Smell of Blood,2.3, (18),1h 15m
1692. Project Mutationem: The Second Collection,8.1, (7),1h 43m
1695. Cintihar,2.6, (10),1h 17m
